,ONTOLOGY,ID,Description,GeneRatio,BgRatio,pvalue,p.adjust,qvalue,geneID,Count
GO:0023061,BP,GO:0023061,signal release,31/501,463/18723,2.98768464382076e-06,0.0127275365826764,0.0110355635949127,TRPV6/ICA1/VSNL1/INHA/SYT2/HTR2C/ADCYAP1/RPH3A/VGF/TAC1/SNAP25/EPHA5/SYT13/PRKCB/SYT1/ANXA1/SYT4/HTR1A/CFTR/CCL5/NPY2R/AGTR1/HTR2A/CHRNB4/HNF4A/LIF/CHRNA3/IL6/TNF/CRHR1/ABCA12,31
GO:0001708,BP,GO:0001708,cell fate specification,12/501,92/18723,6.14417436146392e-06,0.0130870913899181,0.0113473199128299,TBX1/MYT1L/SFRP2/TBX2/TBX15/GSX2/PAX2/SIX2/EOMES/SIX1/TBX5/DMRTA2,12
GO:0097530,BP,GO:0097530,granulocyte migration,15/501,148/18723,1.05404194759551e-05,0.0149673956558563,0.0129776603302198,PPBP/SCG2/UMODL1/ANXA1/JAML/CCL5/CCR7/CCL14/CXCL8/CXCL9/S100A8/CD177/CXCR1/PRTN3/S100A12,15
GO:0060078,BP,GO:0060078,regulation of postsynaptic membrane potential,14/501,137/18723,1.88178517615765e-05,0.0189690649515311,0.0164473557981029,RGS4/SLC8A3/ADCYAP1/NPAS4/RGS7BP/GABRA1/GABRB2/GABRE/GABRG2/CUX2/NPY2R/CHRNA1/CHRNB4/CHRNA3,14
GO:1990266,BP,GO:1990266,neutrophil migration,13/501,122/18723,2.38052165772154e-05,0.0189690649515311,0.0164473557981029,PPBP/UMODL1/JAML/CCL5/CCR7/CCL14/CXCL8/CXCL9/S100A8/CD177/CXCR1/PRTN3/S100A12,13
GO:0009914,BP,GO:0009914,hormone transport,22/501,306/18723,2.81700233523867e-05,0.0189690649515311,0.0164473557981029,TRPV6/ICA1/VSNL1/INHA/HTR2C/ADCYAP1/VGF/TAC1/SNAP25/EPHA5/CRYM/ANXA1/HTR1A/CFTR/CCL5/AGTR1/HNF4A/LIF/IL6/TNF/CRHR1/ABCA12,22
GO:0019221,BP,GO:0019221,cytokine-mediated signaling pathway,29/501,472/18723,3.11698250377271e-05,0.0189690649515311,0.0164473557981029,PPBP/STAT4/IL1RL1/EXT1/IL1RAPL2/FLT3/HSPA1B/GREM2/ST18/IL12RB2/IL1RL2/ANGPT1/IL2RB/CD44/CCL5/IL18RAP/CCR7/C1QTNF4/CCL14/IL18R1/CXCL8/IFNA13/GFI1/CXCR6/CXCL9/CXCR1/IL1R2/IL6/TNF,29
GO:0046883,BP,GO:0046883,regulation of hormone secretion,19/501,249/18723,4.40574084926191e-05,0.0194265698121773,0.0168440408873067,ICA1/VSNL1/INHA/HTR2C/ADCYAP1/TAC1/SNAP25/EPHA5/ANXA1/HTR1A/CFTR/CCL5/AGTR1/HNF4A/LIF/IL6/TNF/CRHR1/ABCA12,19
GO:1904862,BP,GO:1904862,inhibitory synapse assembly,5/501,16/18723,4.60029808230106e-05,0.0194265698121773,0.0168440408873067,NPAS4/GABRA1/GABRB2/GABRG2/CBLN4,5
GO:0046879,BP,GO:0046879,hormone secretion,21/501,295/18723,4.92450354336051e-05,0.0194265698121773,0.0168440408873067,TRPV6/ICA1/VSNL1/INHA/HTR2C/ADCYAP1/VGF/TAC1/SNAP25/EPHA5/ANXA1/HTR1A/CFTR/CCL5/AGTR1/HNF4A/LIF/IL6/TNF/CRHR1/ABCA12,21
GO:0007204,BP,GO:0007204,positive regulation of cytosolic calcium ion concentration,22/501,319/18723,5.27154369695248e-05,0.0194265698121773,0.0168440408873067,TRPV6/SLC8A3/HTR2C/ADCYAP1/THY1/TAC1/MCHR1/GPR6/TRPA1/APLNR/LCK/TRDN/NPSR1/NPY2R/CCR7/AGTR1/HTR2A/CALCR/CXCR6/CXCL9/AVP/CXCR1,22
GO:0042110,BP,GO:0042110,T cell activation,29/501,487/18723,5.47227318652883e-05,0.0194265698121773,0.0168440408873067,FOXJ1/GLMN/THY1/GNRH1/HLA-DQB2/ANXA1/EGR3/IL1RL2/CD2/JAML/IGF2/ZC3H12A/CD44/CR1/LCK/CCL5/CCR7/SLA2/BMP4/IL18R1/RORC/IFNA13/CD3E/EOMES/CD48/SLAMF7/HLA-DOB/ZAP70/IL6,29
GO:0007159,BP,GO:0007159,leukocyte cell-cell adhesion,24/501,371/18723,6.73818307498728e-05,0.0216344445336897,0.0187584052060087,FOXJ1/GLMN/EXT1/THY1/GNRH1/HLA-DQB2/ANXA1/EGR3/IL1RL2/IGF2/ZC3H12A/CD44/CR1/LCK/CCL5/CCR7/BMP4/CD3E/S100A8/CD177/HLA-DOB/ZAP70/IL6/TNF,24
GO:0045165,BP,GO:0045165,cell fate commitment,19/501,258/18723,7.1099113490999e-05,0.0216344445336897,0.0187584052060087,TBX1/SPDEF/EXT1/SOSTDC1/GAP43/MYT1L/SFRP2/TBX2/TBX15/GSX2/BMP4/PAX2/SIX2/EOMES/SIX1/TBX5/WNT2/DMRTA2/IL6,19
GO:0030324,BP,GO:0030324,lung development,15/501,177/18723,8.611080282166e-05,0.0244554680013514,0.021204407515874,FOXJ1/SPDEF/FGF9/EXT1/RXFP1/HOPX/RSPO2/MAN2A1/BMP4/CHI3L1/LIF/TBX5/WNT2/TNF/ABCA12,15
GO:0030323,BP,GO:0030323,respiratory tube development,15/501,181/18723,0.000110754117520974,0.0249220026033462,0.0216089219508628,FOXJ1/SPDEF/FGF9/EXT1/RXFP1/HOPX/RSPO2/MAN2A1/BMP4/CHI3L1/LIF/TBX5/WNT2/TNF/ABCA12,15
GO:0097553,BP,GO:0097553,calcium ion transmembrane import into cytosol,13/501,142/18723,0.000116210433919639,0.0249220026033462,0.0216089219508628,TRPV6/SLC8A3/HTR2C/THY1/TRPA1/APLNR/LCK/TRDN/NPSR1/CCR7/HTR2A/CALCR/CXCL9,13
GO:0060541,BP,GO:0060541,respiratory system development,16/501,203/18723,0.000119322082540774,0.0249220026033462,0.0216089219508628,FOXJ1/SPDEF/FGF9/EXT1/RXFP1/HOPX/RSPO2/MAN2A1/BMP4/CHI3L1/LIF/SIX1/TBX5/WNT2/TNF/ABCA12,16
GO:0072503,BP,GO:0072503,cellular divalent inorganic cation homeostasis,28/501,486/18723,0.000128573058529278,0.0249220026033462,0.0216089219508628,TRPV6/SLC8A3/HTR2C/ADCYAP1/THY1/TAC1/MCHR1/PRKCB/SLC30A3/GPR6/TRPA1/APLNR/LCK/TRDN/NPSR1/CCL5/NPY2R/CCR7/AGTR1/HTR2A/CCL14/FATE1/CALCR/CXCR6/CXCL9/AVP/S100A8/CXCR1,28
GO:0048732,BP,GO:0048732,gland development,26/501,436/18723,0.000128939962500585,0.0249220026033462,0.0216089219508628,TBX1/MTCO2P12/HAMP/EXT1/IQGAP3/ADCYAP1/SOSTDC1/RXFP1/PTPN3/MAN2A1/MET/ANXA1/TBX2/IGF2/SIX3/OTP/SERPINA5/FOXB1/BMP4/CYP1A1/HNF4A/SIX1/WNT2/CRIP1/IL6/TNF,26
GO:0050891,BP,GO:0050891,multicellular organismal water homeostasis,8/501,57/18723,0.000129771771045306,0.0249220026033462,0.0216089219508628,EXT1/ALOX12B/MET/CFTR/CYP4F12/AVP/ABCA12/GRHL3,8
GO:0045785,BP,GO:0045785,positive regulation of cell adhesion,26/501,437/18723,0.000133745967180165,0.0249220026033462,0.0216089219508628,CCDC80/THY1/EPHA4/ECM2/COL8A1/HLA-DQB2/ANXA1/EGR3/SFRP2/IL1RL2/ANGPT1/IGF2/CD44/CR1/LCK/CCL5/NPY2R/CCR7/IBSP/CD3E/LIF/FUT3/HLA-DOB/ZAP70/IL6/TNF,26
GO:0071621,BP,GO:0071621,granulocyte chemotaxis,12/501,125/18723,0.000134555413116658,0.0249220026033462,0.0216089219508628,PPBP/SCG2/ANXA1/JAML/CCL5/CCR7/CCL14/CXCL8/CXCL9/S100A8/CXCR1/S100A12,12
GO:0034765,BP,GO:0034765,regulation of ion transmembrane transport,28/501,491/18723,0.000152543932558675,0.0269639529377708,0.0233794195351217,KCNA6/HAMP/RGS4/KCNB2/SCN8A/THY1/KCNE4/PTPN3/KCNH8/PIRT/KCNG3/KCNS2/HECW1/CALHM1/HCN1/CFTR/KCNQ5/APLNR/TRDN/NPSR1/LRRC38/KCNH7/CALCR/KCNS1/CXCL9/SLN/CRHR1/CACNA1S,28
GO:0006836,BP,GO:0006836,neurotransmitter transport,16/501,208/18723,0.000158239160432927,0.0269639529377708,0.0233794195351217,ICA1/SV2C/SYT2/SLC17A6/RPH3A/SYNGR3/SNAP25/PRKCB/SYT1/SV2B/SYT4/SLC1A7/HTR2A/CHRNB4/CHRNA3/SLC22A2,16
GO:0006874,BP,GO:0006874,cellular calcium ion homeostasis,26/501,448/18723,0.000198176702375076,0.028184454540409,0.0244376701216445,TRPV6/SLC8A3/HTR2C/ADCYAP1/THY1/TAC1/MCHR1/PRKCB/GPR6/TRPA1/APLNR/LCK/TRDN/NPSR1/CCL5/NPY2R/CCR7/AGTR1/HTR2A/CCL14/FATE1/CALCR/CXCR6/CXCL9/AVP/CXCR1,26
GO:0032609,BP,GO:0032609,interferon-gamma production,11/501,112/18723,0.000207661841628178,0.028184454540409,0.0244376701216445,INHA/IL1RL1/IL12RB2/CD2/ZC3H12A/CR1/CCR7/IL18R1/CD3E/CD96/TNF,11
GO:0032649,BP,GO:0032649,regulation of interferon-gamma production,11/501,112/18723,0.000207661841628178,0.028184454540409,0.0244376701216445,INHA/IL1RL1/IL12RB2/CD2/ZC3H12A/CR1/CCR7/IL18R1/CD3E/CD96/TNF,11
GO:0018108,BP,GO:0018108,peptidyl-tyrosine phosphorylation,23/501,375/18723,0.000208273384526601,0.028184454540409,0.0244376701216445,STYK1/VTN/FCGR1A/THY1/FLT3/EPHA4/EPHA5/IL12RB2/MET/SFRP2/ANGPT1/IGF2/CD44/LCK/GPRC5A/CCL5/HTR2A/CD3E/MUSK/LIF/ZAP70/IL6/TNF,23
GO:0021978,BP,GO:0021978,telencephalon regionalization,4/501,12/18723,0.000211357464802116,0.028184454540409,0.0244376701216445,SIX3/GSX2/BMP4/DMRTA2,4
GO:0051480,BP,GO:0051480,regulation of cytosolic calcium ion concentration,22/501,353/18723,0.000227566990266926,0.028184454540409,0.0244376701216445,TRPV6/SLC8A3/HTR2C/ADCYAP1/THY1/TAC1/MCHR1/GPR6/TRPA1/APLNR/LCK/TRDN/NPSR1/NPY2R/CCR7/AGTR1/HTR2A/CALCR/CXCR6/CXCL9/AVP/CXCR1,22
GO:0018212,BP,GO:0018212,peptidyl-tyrosine modification,23/501,378/18723,0.000233620084071482,0.028184454540409,0.0244376701216445,STYK1/VTN/FCGR1A/THY1/FLT3/EPHA4/EPHA5/IL12RB2/MET/SFRP2/ANGPT1/IGF2/CD44/LCK/GPRC5A/CCL5/HTR2A/CD3E/MUSK/LIF/ZAP70/IL6/TNF,23
GO:0051259,BP,GO:0051259,protein complex oligomerization,17/501,238/18723,0.000242519289284921,0.028184454540409,0.0244376701216445,KCNA6/KCNB2/PKD2L1/PRF1/SYT1/TRPM6/KCNG3/KCNS2/CALHM1/HCN1/TRPA1/ZC3H12A/TDO2/GBP5/KCNS1/RRM2/RS1,17
GO:0050878,BP,GO:0050878,regulation of body fluid levels,23/501,379/18723,0.000242654124782692,0.028184454540409,0.0244376701216445,MTCO2P12/VTN/EXT1/ALOX12B/TAC1/MET/ADAMTS18/CFTR/NFE2/APLNR/LCK/FOXB1/CYP4F12/SERPINB2/HNF4A/DGKK/ANXA8/AVP/TSPAN8/IL6/SLC22A2/ABCA12/GRHL3,23
GO:0002673,BP,GO:0002673,regulation of acute inflammatory response,7/501,48/18723,0.000268148327661367,0.028184454540409,0.0244376701216445,ADCYAP1/TAC1/CCR7/DNASE1L3/IL6/TNF/C2CD4A,7
GO:0006813,BP,GO:0006813,potassium ion transport,17/501,241/18723,0.000280956050495704,0.028184454540409,0.0244376701216445,KCNA6/RGS4/KCNB2/ADCYAP1/PKD2L1/KCNE4/SNAP25/KCNH8/KCNG3/KCNS2/HCN1/KCNQ5/HTR2A/LRRC38/KCNH7/ATP12A/KCNS1,17
GO:0015833,BP,GO:0015833,peptide transport,18/501,264/18723,0.000284869705622713,0.028184454540409,0.0244376701216445,ICA1/VSNL1/HTR2C/ADCYAP1/VGF/SNAP25/EPHA5/ANXA1/CFTR/CCL5/NPY2R/HNF4A/SLC15A5/S100A8/IL6/TNF/CRHR1/ABCA12,18
GO:0002790,BP,GO:0002790,peptide secretion,17/501,242/18723,0.000294892597930694,0.028184454540409,0.0244376701216445,ICA1/VSNL1/HTR2C/ADCYAP1/VGF/SNAP25/EPHA5/ANXA1/CFTR/CCL5/NPY2R/HNF4A/S100A8/IL6/TNF/CRHR1/ABCA12,17
GO:0030104,BP,GO:0030104,water homeostasis,8/501,64/18723,0.000295215396715373,0.028184454540409,0.0244376701216445,EXT1/ALOX12B/MET/CFTR/CYP4F12/AVP/ABCA12/GRHL3,8
GO:0055074,BP,GO:0055074,calcium ion homeostasis,26/501,460/18723,0.000298666176640928,0.028184454540409,0.0244376701216445,TRPV6/SLC8A3/HTR2C/ADCYAP1/THY1/TAC1/MCHR1/PRKCB/GPR6/TRPA1/APLNR/LCK/TRDN/NPSR1/CCL5/NPY2R/CCR7/AGTR1/HTR2A/CCL14/FATE1/CALCR/CXCR6/CXCL9/AVP/CXCR1,26
GO:0003337,BP,GO:0003337,mesenchymal to epithelial transition involved in metanephros morphogenesis,4/501,13/18723,0.00029885494135789,0.028184454540409,0.0244376701216445,BMP4/PAX2/SIX2/LIF,4
GO:0032429,BP,GO:0032429,regulation of phospholipase A2 activity,4/501,13/18723,0.00029885494135789,0.028184454540409,0.0244376701216445,ANXA1/AGTR1/ANXA8/ANXA8L1,4
GO:0097529,BP,GO:0097529,myeloid leukocyte migration,16/501,220/18723,0.000299488133134048,0.028184454540409,0.0244376701216445,PPBP/SCG2/UMODL1/ANXA1/JAML/CCL5/CCR7/CCL14/CXCL8/CXCL9/S100A8/CD177/CXCR1/PRTN3/IL6/S100A12,16
GO:1903037,BP,GO:1903037,regulation of leukocyte cell-cell adhesion,21/501,336/18723,0.000302119295904996,0.028184454540409,0.0244376701216445,FOXJ1/GLMN/THY1/GNRH1/HLA-DQB2/ANXA1/EGR3/IL1RL2/IGF2/ZC3H12A/CD44/CR1/LCK/CCL5/CCR7/BMP4/CD3E/HLA-DOB/ZAP70/IL6/TNF,21
GO:0021871,BP,GO:0021871,forebrain regionalization,5/501,23/18723,0.000303520567167039,0.028184454540409,0.0244376701216445,SIX3/GSX2/BMP4/FEZF1/DMRTA2,5
GO:0007389,BP,GO:0007389,pattern specification process,25/501,436/18723,0.000313577373373382,0.028184454540409,0.0244376701216445,TBX1/CFC1B/FOXJ1/EXT1/SOSTDC1/MDFI/EGR2/SFRP2/TBX2/APLNR/SIX3/FOXB1/GSX2/BMP4/PAX2/SIX2/FEZF1/CFAP45/SIX1/TBX5/WNT2/IRX1/FOXH1/DMRTA2/GRHL3,25
GO:0015837,BP,GO:0015837,amine transport,10/501,99/18723,0.000318576944480974,0.028184454540409,0.0244376701216445,RGS4/SYT2/SYT13/SYT1/SYT4/NPY2R/HTR2A/CHRNA3/AVP/SLC22A2,10
GO:1905330,BP,GO:1905330,regulation of morphogenesis of an epithelium,8/501,65/18723,0.000328893421663764,0.028184454540409,0.0244376701216445,TBX2/BMP4/PAX2/SIX2/LIF/SIX1/WNT2/TNF,8
GO:0015872,BP,GO:0015872,dopamine transport,7/501,50/18723,0.000347405521847243,0.028184454540409,0.0244376701216445,SYT2/SYT13/SYT1/SYT4/NPY2R/HTR2A/SLC22A2,7
GO:0090102,BP,GO:0090102,cochlea development,7/501,50/18723,0.000347405521847243,0.028184454540409,0.0244376701216445,TBX1/EPHA4/GABRB2/PAX2/PVALB/SIX1/GRHL3,7
GO:0010092,BP,GO:0010092,specification of animal organ identity,6/501,36/18723,0.000350651664469878,0.028184454540409,0.0244376701216445,EXT1/BMP4/PAX2/SIX1/WNT2/FOXH1,6
GO:0014046,BP,GO:0014046,dopamine secretion,6/501,36/18723,0.000350651664469878,0.028184454540409,0.0244376701216445,SYT2/SYT13/SYT1/SYT4/NPY2R/HTR2A,6
GO:0014059,BP,GO:0014059,regulation of dopamine secretion,6/501,36/18723,0.000350651664469878,0.028184454540409,0.0244376701216445,SYT2/SYT13/SYT1/SYT4/NPY2R/HTR2A,6
GO:0060402,BP,GO:0060402,calcium ion transport into cytosol,13/501,160/18723,0.00037909858815145,0.0293855999875278,0.0254791377208389,TRPV6/SLC8A3/HTR2C/THY1/TRPA1/APLNR/LCK/TRDN/NPSR1/CCR7/HTR2A/CALCR/CXCL9,13
GO:0048593,BP,GO:0048593,camera-type eye morphogenesis,11/501,120/18723,0.000379391549134748,0.0293855999875278,0.0254791377208389,THY1/COL8A1/MAN2A1/HCN1/TBX2/USH1C/SIX3/BMP4/PAX2/WNT2/RS1,11
GO:0050900,BP,GO:0050900,leukocyte migration,22/501,369/18723,0.000419134112219,0.0318841306795168,0.0276455187927908,PPBP/FOXJ1/SCG2/EXT1/THY1/UMODL1/ANXA1/JAML/LCK/CCL5/CCR7/CCL14/CXCL8/CXCL9/S100A8/CD177/CXCR1/ZAP70/PRTN3/IL6/TNF/S100A12,22
GO:0030593,BP,GO:0030593,neutrophil chemotaxis,10/501,103/18723,0.000438750738411857,0.0327908446602546,0.0284316960496252,PPBP/JAML/CCL5/CCR7/CCL14/CXCL8/CXCL9/S100A8/CXCR1/S100A12,10
GO:0060706,BP,GO:0060706,cell differentiation involved in embryonic placenta development,5/501,25/18723,0.000458551334856766,0.0333661698270191,0.0289305386515963,MDFI/GJB5/EOMES/LIF/KRT19,5
GO:0006816,BP,GO:0006816,calcium ion transport,24/501,422/18723,0.000462113619669983,0.0333661698270191,0.0289305386515963,TRPV6/RGS4/SLC8A3/HTR2C/PKD2L1/THY1/MCHR1/PRKCB/TRPM6/CALHM1/TRPA1/APLNR/LCK/TRDN/NPSR1/CCL5/CCR7/HTR2A/CALCR/CXCL9/EFHB/SLN/CRHR1/CACNA1S,24
GO:0010951,BP,GO:0010951,negative regulation of endopeptidase activity,17/501,252/18723,0.000470690151174126,0.0334190007333629,0.0289763463240352,SERPINI1/VTN/COL4A3/SFRP2/CD44/CR1/SERPINA5/PAX2/SERPINB2/PTTG1/ANXA8/CST7/ANXA8L1/AVP/SLPI/VIL1/TNF,17
GO:0001541,BP,GO:0001541,ovarian follicle development,7/501,53/18723,0.000500396189751227,0.0349238303434525,0.0302811269273968,INHA/GAS2/ADCYAP1/VGF/UMODL1/GNRH1/FSHB,7
GO:0060562,BP,GO:0060562,epithelial tube morphogenesis,20/501,325/18723,0.000508281098895318,0.0349238303434525,0.0302811269273968,GLMN/EXT1/SOSTDC1/EPHA4/PAK1/LGR5/RSPO2/MET/SFRP2/TBX2/APLNR/BMP4/PAX2/SIX2/SIX1/WNT2/IRX1/FOXH1/TNF/GRHL3,20
GO:0048568,BP,GO:0048568,embryonic organ development,24/501,427/18723,0.000546278897342496,0.0368533081824101,0.031954103882401,TBX1/PPP1R13L/ID3/MDFI/TBX2/GJB5/USH1C/TBX15/IGF2/APLNR/SIX3/EN2/BMP4/PAX2/SIX2/CXCL8/EOMES/LIF/SIX1/WNT2/FOXH1/KRT19/TNF/GRHL3,24
GO:0007214,BP,GO:0007214,gamma-aminobutyric acid signaling pathway,5/501,26/18723,0.000555351296378265,0.0368533081824101,0.031954103882401,GABRA1/GABRB2/GABRE/GABRG2/HTR1A,5
GO:0007188,BP,GO:0007188,adenylate cyclase-modulating G protein-coupled receptor signaling pathway,16/501,233/18723,0.000564567298344518,0.0368533081824101,0.031954103882401,PTH2R/ADCYAP1/RXFP1/MCHR1/GRM8/LGR5/AKAP5/GLP2R/HTR1A/GPR78/GPR6/NPY2R/CALCR/CXCL9/MARCO/CRHR1,16
GO:0031960,BP,GO:0031960,response to corticosteroid,13/501,167/18723,0.000570966746488043,0.0368533081824101,0.031954103882401,ADCYAP1/NPAS4/FLT3/GNRH1/NEFL/ANXA1/CNGA3/TPH2/CALCR/BGLAP/CSN1S1/IL6/TNF,13
GO:0050863,BP,GO:0050863,regulation of T cell activation,20/501,329/18723,0.000592857357243469,0.0376951095799579,0.0326839979036501,FOXJ1/GLMN/THY1/GNRH1/HLA-DQB2/ANXA1/EGR3/IL1RL2/CD2/IGF2/ZC3H12A/CR1/LCK/CCL5/CCR7/BMP4/CD3E/HLA-DOB/ZAP70/IL6,20
GO:0033555,BP,GO:0033555,multicellular organismal response to stress,8/501,71/18723,0.000602883603072947,0.0377688845454523,0.0327479653743494,EXT1/HTR2C/ADCYAP1/TAC1/PIRT/HTR1A/TRPA1/NPY2R,8
GO:0003002,BP,GO:0003002,regionalization,20/501,331/18723,0.000639536007325985,0.0389314887786962,0.0337560153507401,TBX1/CFC1B/FOXJ1/EXT1/SOSTDC1/MDFI/EGR2/SFRP2/SIX3/FOXB1/GSX2/BMP4/PAX2/SIX2/FEZF1/SIX1/WNT2/IRX1/FOXH1/DMRTA2,20
GO:0033138,BP,GO:0033138,positive regulation of peptidyl-serine phosphorylation,10/501,108/18723,0.000639719299180454,0.0389314887786962,0.0337560153507401,PAK1/SFRP2/ANGPT1/CD44/IFNA13/CALCR/LIF/AVP/IL6/TNF,10
GO:0015850,BP,GO:0015850,organic hydroxy compound transport,18/501,284/18723,0.000678594775019852,0.0406177777674073,0.0352181324897041,SYT2/TAC1/STARD5/SYT13/SYT1/ABCA8/SYT4/HTR1A/CFTR/NPY2R/AGTR1/HTR2A/LIPC/CES1/ABCC3/SLC22A2/CRHR1/ABCA12,18
GO:0042391,BP,GO:0042391,regulation of membrane potential,24/501,434/18723,0.000686497652406885,0.0406177777674073,0.0352181324897041,RGS4/SLC8A3/ADCYAP1/SCN8A/TAC1/NPAS4/KCNE4/PTPN3/RGS7BP/GABRA1/KCNH8/GABRB2/GABRE/GABRG2/HCN1/CFTR/TRDN/CUX2/NPY2R/CHRNA1/CHRNB4/KCNH7/CHRNA3/TBX5,24
GO:0034116,BP,GO:0034116,positive regulation of heterotypic cell-cell adhesion,4/501,16/18723,0.000713678472803123,0.0410847337046122,0.0356230122484517,THY1/CD44/LCK/TNF,4
GO:0072283,BP,GO:0072283,metanephric renal vesicle morphogenesis,4/501,16/18723,0.000713678472803123,0.0410847337046122,0.0356230122484517,BMP4/PAX2/SIX2/LIF,4
GO:0010466,BP,GO:0010466,negative regulation of peptidase activity,17/501,262/18723,0.000730277245097492,0.0410970913340918,0.0356337270796462,SERPINI1/VTN/COL4A3/SFRP2/CD44/CR1/SERPINA5/PAX2/SERPINB2/PTTG1/ANXA8/CST7/ANXA8L1/AVP/SLPI/VIL1/TNF,17
GO:0051952,BP,GO:0051952,regulation of amine transport,9/501,91/18723,0.000734262141842372,0.0410970913340918,0.0356337270796462,RGS4/SYT2/SYT13/SYT1/SYT4/NPY2R/HTR2A/CHRNA3/AVP,9
GO:1903039,BP,GO:1903039,positive regulation of leukocyte cell-cell adhesion,16/501,239/18723,0.000742834749465979,0.0410970913340918,0.0356337270796462,THY1/HLA-DQB2/ANXA1/EGR3/IL1RL2/IGF2/CD44/CR1/LCK/CCL5/CCR7/CD3E/HLA-DOB/ZAP70/IL6/TNF,16
GO:0048592,BP,GO:0048592,eye morphogenesis,12/501,151/18723,0.000766441237370075,0.0418594829640579,0.0362947679073089,THY1/COL8A1/MAN2A1/HCN1/TBX2/OLFM3/USH1C/SIX3/BMP4/PAX2/WNT2/RS1,12
GO:0070588,BP,GO:0070588,calcium ion transmembrane transport,19/501,312/18723,0.000788791575042327,0.0422794916099758,0.0366589414527811,TRPV6/SLC8A3/HTR2C/PKD2L1/THY1/TRPM6/CALHM1/TRPA1/APLNR/LCK/TRDN/NPSR1/CCR7/HTR2A/CALCR/CXCL9/SLN/CRHR1/CACNA1S,19
GO:0002675,BP,GO:0002675,positive regulation of acute inflammatory response,5/501,28/18723,0.000793981063098137,0.0422794916099758,0.0366589414527811,TAC1/CCR7/IL6/TNF/C2CD4A,5
GO:0050804,BP,GO:0050804,modulation of chemical synaptic transmission,24/501,439/18723,0.00080495506414299,0.0423346737438165,0.0367067877852859,RGS4/SLC8A3/ADCYAP1/VGF/TAC1/NPAS4/NPTX2/EPHA4/SNAP25/GRM8/PRKCB/SYT1/AKAP5/EGR2/ELAVL4/SLC4A10/NPTX1/SYT4/CUX2/NPY2R/HTR2A/CHRNB4/CHRNA3/TNF,24
GO:0099177,BP,GO:0099177,regulation of trans-synaptic signaling,24/501,440/18723,0.000830668132804389,0.0431542225091061,0.0374173873942311,RGS4/SLC8A3/ADCYAP1/VGF/TAC1/NPAS4/NPTX2/EPHA4/SNAP25/GRM8/PRKCB/SYT1/AKAP5/EGR2/ELAVL4/SLC4A10/NPTX1/SYT4/CUX2/NPY2R/HTR2A/CHRNB4/CHRNA3/TNF,24
GO:0002526,BP,GO:0002526,acute inflammatory response,10/501,112/18723,0.000850519090776394,0.0432628074697331,0.0375115372896698,HAMP/EXT1/ADCYAP1/TAC1/CCR7/DNASE1L3/S100A8/IL6/TNF/C2CD4A,10
GO:0071805,BP,GO:0071805,potassium ion transmembrane transport,15/501,219/18723,0.00085306944306516,0.0432628074697331,0.0375115372896698,KCNA6/RGS4/KCNB2/PKD2L1/KCNE4/SNAP25/KCNH8/KCNG3/KCNS2/HCN1/KCNQ5/LRRC38/KCNH7/ATP12A/KCNS1,15
GO:0071347,BP,GO:0071347,cellular response to interleukin-1,10/501,113/18723,0.000911285812172322,0.0452447985616183,0.0392300464918999,ST18/IL1RL2/ZC3H12A/CCL5/CCL14/CXCL8/CHI3L1/ANKRD1/IL1R2/IL6,10
GO:0001710,BP,GO:0001710,mesodermal cell fate commitment,4/501,17/18723,0.000913659075851059,0.0452447985616183,0.0392300464918999,SFRP2/BMP4/PAX2/SIX2,4
GO:0031099,BP,GO:0031099,regeneration,14/501,198/18723,0.00092401349175136,0.0452447985616183,0.0392300464918999,HAMP/THY1/GAP43/FLT3/HOPX/PTPN3/EPHA4/RTN4RL1/NEFL/ANXA1/ELAVL4/SGCA/IL6/MUSTN1,14
GO:0060441,BP,GO:0060441,epithelial tube branching involved in lung morphogenesis,5/501,29/18723,0.000938517264039703,0.0454327675546492,0.0393930272669296,EXT1/RSPO2/BMP4/WNT2/TNF,5
GO:0006959,BP,GO:0006959,humoral immune response,19/501,317/18723,0.000952642176682472,0.0455983783445768,0.0395366220931851,PPBP/FOXJ1/FCER2/SH2D1A/H2BC8/C6/MASP1/CR1/CCR7/FCN3/CXCL8/IFNA13/FCN1/CXCL9/SLPI/PRTN3/IL6/TNF/S100A12,19
GO:0032496,BP,GO:0032496,response to lipopolysaccharide,20/501,343/18723,0.000991974728547513,0.0469150376928358,0.0406782474089846,PPBP/HAMP/GGT3P/TAC1/MPO/GNRH1/IL12RB2/ZC3H12A/CCL5/CCR7/CYP1A1/CXCL8/GFI1/CD96/CXCL9/ANKRD1/S100A8/SLPI/IL6/TNF,20
GO:0008585,BP,GO:0008585,female gonad development,9/501,95/18723,0.00100217568780471,0.0469150376928358,0.0406782474089846,INHA/GAS2/ADCYAP1/VGF/UMODL1/GNRH1/LHX8/LHX9/FSHB,9
GO:0002791,BP,GO:0002791,regulation of peptide secretion,14/501,200/18723,0.0010183830076044,0.0471555610042905,0.0408867960375724,ICA1/VSNL1/HTR2C/ADCYAP1/SNAP25/EPHA5/CFTR/CCL5/NPY2R/HNF4A/S100A8/IL6/TNF/ABCA12,14
GO:0051209,BP,GO:0051209,release of sequestered calcium ion into cytosol,10/501,115/18723,0.00104352108944596,0.0477999982907504,0.0414455631337393,HTR2C/THY1/TRPA1/APLNR/LCK/TRDN/NPSR1/CCR7/HTR2A/CXCL9,10
GO:0022407,BP,GO:0022407,regulation of cell-cell adhesion,24/501,448/18723,0.00106334116398464,0.0481897165805806,0.0417834730618377,FOXJ1/GLMN/THY1/GNRH1/HLA-DQB2/ANXA1/EGR3/ADAMTS18/IL1RL2/IGF2/ZC3H12A/CD44/CR1/LCK/CCL5/CCR7/BMP4/CD3E/FUT3/HLA-DOB/ZAP70/IL6/TNF/ABCA12,24
GO:0051283,BP,GO:0051283,negative regulation of sequestering of calcium ion,10/501,116/18723,0.00111529722876251,0.049058486451698,0.0425367504222902,HTR2C/THY1/TRPA1/APLNR/LCK/TRDN/NPSR1/CCR7/HTR2A/CXCL9,10
GO:0017157,BP,GO:0017157,regulation of exocytosis,14/501,202/18723,0.00112072739047926,0.049058486451698,0.0425367504222902,TRPV6/VSNL1/SYT2/RAB15/RAB27B/SYT13/PRKCB/SYT1/STXBP5L/ANXA1/SYT4/CFTR/HTR2A/CD177,14
GO:0090087,BP,GO:0090087,regulation of peptide transport,14/501,202/18723,0.00112072739047926,0.049058486451698,0.0425367504222902,ICA1/VSNL1/HTR2C/ADCYAP1/SNAP25/EPHA5/CFTR/CCL5/NPY2R/HNF4A/S100A8/IL6/TNF/ABCA12,14
GO:0048608,BP,GO:0048608,reproductive structure development,23/501,424/18723,0.00113825289732295,0.049058486451698,0.0425367504222902,INHA/FGF9/GAS2/ADCYAP1/VGF/UMODL1/GNRH1/MDFI/ANXA1/SFRP2/GJB5/IGF2/LHX8/SERPINA5/BMP4/EOMES/GJB3/LHX9/LIF/FSHB/WNT2/CRIP1/KRT19,23
GO:0002923,BP,GO:0002923,regulation of humoral immune response mediated by circulating immunoglobulin,4/501,18/18723,0.00115004081591651,0.049058486451698,0.0425367504222902,FOXJ1/FCER2/CR1/TNF,4
GO:1990868,BP,GO:1990868,response to chemokine,9/501,97/18723,0.00116312373981725,0.049058486451698,0.0425367504222902,PPBP/ZC3H12A/CCL5/CCR7/CCL14/CXCL8/CXCR6/CXCL9/CXCR1,9
GO:1990869,BP,GO:1990869,cellular response to chemokine,9/501,97/18723,0.00116312373981725,0.049058486451698,0.0425367504222902,PPBP/ZC3H12A/CCL5/CCR7/CCL14/CXCL8/CXCR6/CXCL9/CXCR1,9
GO:0062023,CC,GO:0062023,collagen-containing extracellular matrix,32/517,425/19550,1.22555064538128e-07,5.24535676223187e-05,4.6312913862303e-05,CCDC80/HAPLN1/VTN/FGF9/SPARCL1/AEBP1/ATRNL1/SRPX/COL8A1/ADAMTS4/ANXA1/MGP/COL4A3/SFRP2/AZGP1/OMD/ANGPT1/HMCN2/COL6A2/COL10A1/CBLN4/SERPINA5/FCN3/FCN1/OGN/ADAMDEC1/ANXA8/WNT2/LEFTY2/S100A8/SLPI/PRTN3,32
GO:0030672,CC,GO:0030672,synaptic vesicle membrane,14/517,109/19550,1.10317100742358e-06,0.000157385730392431,0.000138960839180725,ICA1/SV2C/SYT2/SLC17A6/RPH3A/VAMP1/SYNGR3/RAB27B/SYT1/SVOP/SV2B/SYT4/SLC30A3/SYNGR4,14
GO:0099501,CC,GO:0099501,exocytic vesicle membrane,14/517,109/19550,1.10317100742358e-06,0.000157385730392431,0.000138960839180725,ICA1/SV2C/SYT2/SLC17A6/RPH3A/VAMP1/SYNGR3/RAB27B/SYT1/SVOP/SV2B/SYT4/SLC30A3/SYNGR4,14
GO:0034702,CC,GO:0034702,ion channel complex,21/517,282/19550,2.15671777427049e-05,0.00230768801846943,0.0020375307393766,KCNA6/TRPV6/KCNB2/PKD2L1/SCN8A/GABRA1/GABRB2/GABRE/GABRG2/KCNG3/KCNS2/HCN1/OLFM3/CFTR/KCNQ5/CHRNA1/LRRC38/CHRNB4/KCNS1/CHRNA3/CACNA1S,21
GO:1902495,CC,GO:1902495,transmembrane transporter complex,24/517,366/19550,4.56846652351896e-05,0.00369365829778725,0.00326124773464246,KCNA6/NDUFS6/TRPV6/KCNB2/PKD2L1/SCN8A/GABRA1/GABRB2/GABRE/GABRG2/KCNG3/KCNS2/CNGA3/HCN1/OLFM3/CFTR/KCNQ5/CHRNA1/LRRC38/CHRNB4/ATP12A/KCNS1/CHRNA3/CACNA1S,24
GO:0030658,CC,GO:0030658,transport vesicle membrane,17/517,212/19550,5.17802565110362e-05,0.00369365829778725,0.00326124773464246,ICA1/SV2C/SYT2/SLC17A6/RPH3A/VAMP1/SYNGR3/NCALD/RAB27B/SYT1/HLA-DQB2/SVOP/SV2B/SYT4/SLC30A3/SYNGR4/ABCA12,17
GO:1990351,CC,GO:1990351,transporter complex,24/517,381/19550,8.56233243032555e-05,0.00523525468597048,0.00462237194358928,KCNA6/NDUFS6/TRPV6/KCNB2/PKD2L1/SCN8A/GABRA1/GABRB2/GABRE/GABRG2/KCNG3/KCNS2/CNGA3/HCN1/OLFM3/CFTR/KCNQ5/CHRNA1/LRRC38/CHRNB4/ATP12A/KCNS1/CHRNA3/CACNA1S,24
GO:0070382,CC,GO:0070382,exocytic vesicle,17/517,224/19550,0.00010238289005259,0.00527771797578433,0.00465986412520063,ICA1/SV2C/SYT2/SLC17A6/RPH3A/VAMP1/SYNGR3/RAB15/SNAP25/RAB27B/SYT13/SYT1/SVOP/SV2B/SYT4/SLC30A3/SYNGR4,17
GO:0030133,CC,GO:0030133,transport vesicle,25/517,412/19550,0.000110980050892661,0.00527771797578433,0.00465986412520063,ICA1/SV2C/OVGP1/SYT2/SLC17A6/RPH3A/VGF/PCSK1/VAMP1/SYNGR3/NCALD/RAB15/GALNT15/SNAP25/RAB27B/SYT13/SYT1/HLA-DQB2/SVOP/SV2B/NPTX1/SYT4/SLC30A3/SYNGR4/ABCA12,25
GO:0008021,CC,GO:0008021,synaptic vesicle,16/517,206/19550,0.000124242307018223,0.00531757074037993,0.00469505139153073,ICA1/SV2C/SYT2/SLC17A6/RPH3A/VAMP1/SYNGR3/RAB15/SNAP25/RAB27B/SYT1/SVOP/SV2B/SYT4/SLC30A3/SYNGR4,16
GO:0098563,CC,GO:0098563,intrinsic component of synaptic vesicle membrane,7/517,47/19550,0.000218383551728793,0.00849710546726576,0.00750236316465423,SV2C/SLC17A6/VAMP1/RAB27B/SYT1/SYT4/SLC30A3,7
GO:0030285,CC,GO:0030285,integral component of synaptic vesicle membrane,6/517,35/19550,0.000280850289300348,0.0099044356282411,0.00874493947500874,SV2C/SLC17A6/VAMP1/SYT1/SYT4/SLC30A3,6
GO:0043204,CC,GO:0043204,perikaryon,13/517,158/19550,0.000300835661605454,0.0099044356282411,0.00874493947500874,SERPINI1/KCNB2/SLC8A3/ADCYAP1/GAP43/OPN4/EPHA4/RTN4RL1/GNRH1/ELAVL4/CNGA3/SLC4A10/BGLAP,13
GO:0031594,CC,GO:0031594,neuromuscular junction,8/517,70/19550,0.00050740114597426,0.0155119778912131,0.0136960158950947,SLC8A3/SYNGR3/EPHA4/NEFL/SYNGR4/CHRNA1/DES/MUSK,8
GO:0009897,CC,GO:0009897,external side of plasma membrane,23/517,421/19550,0.000891590137940992,0.025440038602583,0.0224618147032152,IL1RL1/THY1/UMODL1/EPHA5/RTN4RL1/IL12RB2/FCER2/ANXA1/AZGP1/CD2/IL2RB/GPIHBP1/CCR7/SERPINA5/FCN1/CD3E/CXCR6/CD48/CXCL9/SLAMF7/WNT2/CXCR1/TNF,23
GO:0008076,CC,GO:0008076,voltage-gated potassium channel complex,8/517,79/19550,0.00114037504185538,0.0305050323696313,0.0269338578964527,KCNA6/KCNB2/KCNG3/KCNS2/HCN1/KCNQ5/LRRC38/KCNS1,8
GO:0046658,CC,GO:0046658,anchored component of plasma membrane,7/517,63/19550,0.00133620074378015,0.032480699349014,0.028678236759213,CNTN5/THY1/RGS7BP/RTN4RL1/CD2/GPIHBP1/CD177,7
GO:1902711,CC,GO:1902711,GABA-A receptor complex,4/517,19/19550,0.00136601072028563,0.032480699349014,0.028678236759213,GABRA1/GABRB2/GABRE/GABRG2,4
GO:1902710,CC,GO:1902710,GABA receptor complex,4/517,20/19550,0.00167213541514769,0.0376670504043795,0.0332574301406106,GABRA1/GABRB2/GABRE/GABRG2,4
GO:0005788,CC,GO:0005788,endoplasmic reticulum lumen,18/517,313/19550,0.0017912335130574,0.0383323971794284,0.0338448858519794,NOTUM/SCG2/SPARCL1/CHGB/SLC27A2/VGF/FLT3/COL8A1/COL4A3/COL6A2/COL10A1/TRDN/BMP4/RDH5/LIPC/CES1/BGLAP/IL6,18
GO:0005581,CC,GO:0005581,collagen trimer,8/517,87/19550,0.00212668622322988,0.0433438906448756,0.0382696919368184,COL8A1/COL4A3/COL6A2/C1QL3/COL10A1/FCN3/FCN1/MARCO,8
GO:0034705,CC,GO:0034705,potassium channel complex,8/517,89/19550,0.0024555543738304,0.0477716941817913,0.0421791397227326,KCNA6/KCNB2/KCNG3/KCNS2/HCN1/KCNQ5/LRRC38/KCNS1,8
GO:0015267,MF,GO:0015267,channel activity,35/495,480/18368,1.0524355530334e-07,3.76388287739577e-05,3.18706491321282e-05,KCNA6/TRPV6/KCNB2/PKD2L1/SCN8A/KCNE4/SNAP25/PRF1/GABRA1/KCNH8/GABRB2/ANO3/GABRE/TRPM6/GABRG2/KCNG3/KCNS2/CNGA3/CALHM1/HCN1/GJC3/GJB5/CFTR/KCNQ5/TRPA1/CHRNA1/LRRC38/CLCA2/ATP6V0C/GJB3/CHRNB4/KCNH7/KCNS1/CHRNA3/CACNA1S,35
GO:0022803,MF,GO:0022803,passive transmembrane transporter activity,35/495,481/18368,1.10702437570464e-07,3.76388287739577e-05,3.18706491321282e-05,KCNA6/TRPV6/KCNB2/PKD2L1/SCN8A/KCNE4/SNAP25/PRF1/GABRA1/KCNH8/GABRB2/ANO3/GABRE/TRPM6/GABRG2/KCNG3/KCNS2/CNGA3/CALHM1/HCN1/GJC3/GJB5/CFTR/KCNQ5/TRPA1/CHRNA1/LRRC38/CLCA2/ATP6V0C/GJB3/CHRNB4/KCNH7/KCNS1/CHRNA3/CACNA1S,35
GO:0022836,MF,GO:0022836,gated channel activity,28/495,340/18368,1.76012529602623e-07,3.98961733765947e-05,3.37820539272404e-05,KCNA6/KCNB2/PKD2L1/SCN8A/KCNE4/SNAP25/GABRA1/KCNH8/GABRB2/ANO3/GABRE/GABRG2/KCNG3/KCNS2/CNGA3/CALHM1/HCN1/CFTR/KCNQ5/TRPA1/CHRNA1/LRRC38/CLCA2/CHRNB4/KCNH7/KCNS1/CHRNA3/CACNA1S,28
GO:0048018,MF,GO:0048018,receptor ligand activity,34/495,487/18368,4.43206631375047e-07,7.53451273337579e-05,6.37984282531975e-05,PPBP/HAMP/INHA/FGF9/SCG2/ADCYAP1/PNOC/CHGB/TAFA1/VGF/SST/ERFE/GREM2/GNRH1/SFRP2/UTS2B/CDNF/IGF2/CCL5/C1QTNF4/CCL14/BMP4/OSTN/CXCL8/IFNA13/OGN/LIF/CXCL9/AVP/FSHB/WNT2/LEFTY2/IL6/TNF,34
GO:0030546,MF,GO:0030546,signaling receptor activator activity,34/495,495/18368,6.4393157647099e-07,8.75746944000547e-05,7.41538047009751e-05,PPBP/HAMP/INHA/FGF9/SCG2/ADCYAP1/PNOC/CHGB/TAFA1/VGF/SST/ERFE/GREM2/GNRH1/SFRP2/UTS2B/CDNF/IGF2/CCL5/C1QTNF4/CCL14/BMP4/OSTN/CXCL8/IFNA13/OGN/LIF/CXCL9/AVP/FSHB/WNT2/LEFTY2/IL6/TNF,34
GO:0005216,MF,GO:0005216,ion channel activity,31/495,432/18368,8.05460534358087e-07,9.12855272272499e-05,7.7295949525241e-05,KCNA6/TRPV6/KCNB2/PKD2L1/SCN8A/KCNE4/SNAP25/GABRA1/KCNH8/GABRB2/ANO3/GABRE/TRPM6/GABRG2/KCNG3/KCNS2/CNGA3/CALHM1/HCN1/CFTR/KCNQ5/TRPA1/CHRNA1/LRRC38/CLCA2/ATP6V0C/CHRNB4/KCNH7/KCNS1/CHRNA3/CACNA1S,31
GO:0140375,MF,GO:0140375,immune receptor activity,16/495,144/18368,1.75482808693983e-06,0.00017005464830738,0.000143993641833029,IL1RL1/IL1RAPL2/FLT3/IL12RB2/HLA-DQB2/IL1RL2/IL2RB/CD44/CR1/IL18RAP/CCR7/IL18R1/CXCR6/CXCR1/HLA-DOB/IL1R2,16
GO:0004896,MF,GO:0004896,cytokine receptor activity,13/495,97/18368,2.0006429212633e-06,0.00017005464830738,0.000143993641833029,IL1RL1/IL1RAPL2/FLT3/IL12RB2/IL1RL2/IL2RB/CD44/IL18RAP/CCR7/IL18R1/CXCR6/CXCR1/IL1R2,13
GO:0005249,MF,GO:0005249,voltage-gated potassium channel activity,12/495,90/18368,5.22363092321335e-06,0.000360464636623299,0.000305223152063382,KCNA6/KCNB2/KCNE4/SNAP25/KCNH8/KCNG3/KCNS2/HCN1/KCNQ5/LRRC38/KCNH7/KCNS1,12
GO:0005179,MF,GO:0005179,hormone activity,14/495,122/18368,5.30095053857793e-06,0.000360464636623299,0.000305223152063382,HAMP/INHA/ADCYAP1/PNOC/CHGB/VGF/SST/ERFE/GNRH1/UTS2B/IGF2/OSTN/AVP/FSHB,14
GO:0008528,MF,GO:0008528,G protein-coupled peptide receptor activity,15/495,147/18368,1.05330599314465e-05,0.000651134613943965,0.000551347730382893,PTH2R/RXFP1/MCHR1/LGR5/GLP2R/APLNR/NPSR1/NPY2R/CCR7/AGTR1/CALCR/CXCR6/CXCR1/CRHR1/PROKR2,15
GO:0005544,MF,GO:0005544,calcium-dependent phospholipid binding,9/495,54/18368,1.26091157400644e-05,0.00071451655860365,0.000605016342966249,SYT2/RPH3A/SYT13/SYT1/ANXA1/SYT4/ANXA8/ANXA8L1/ANXA13,9
GO:0005261,MF,GO:0005261,cation channel activity,24/495,335/18368,1.45770847256496e-05,0.000762493662572443,0.000645640918617843,KCNA6/TRPV6/KCNB2/PKD2L1/SCN8A/KCNE4/SNAP25/KCNH8/TRPM6/KCNG3/KCNS2/CNGA3/CALHM1/HCN1/KCNQ5/TRPA1/CHRNA1/LRRC38/ATP6V0C/CHRNB4/KCNH7/KCNS1/CHRNA3/CACNA1S,24
GO:0001653,MF,GO:0001653,peptide receptor activity,15/495,153/18368,1.70648294744906e-05,0.000828863145903827,0.000701839227259123,PTH2R/RXFP1/MCHR1/LGR5/GLP2R/APLNR/NPSR1/NPY2R/CCR7/AGTR1/CALCR/CXCR6/CXCR1/CRHR1/PROKR2,15
GO:0005267,MF,GO:0005267,potassium channel activity,13/495,121/18368,2.34232819372628e-05,0.00106185544782258,0.000899125278574227,KCNA6/KCNB2/PKD2L1/KCNE4/SNAP25/KCNH8/KCNG3/KCNS2/HCN1/KCNQ5/LRRC38/KCNH7/KCNS1,13
GO:0022843,MF,GO:0022843,voltage-gated cation channel activity,14/495,143/18368,3.29249892377657e-05,0.00139931204260504,0.00118486638901696,KCNA6/KCNB2/KCNE4/SNAP25/KCNH8/KCNG3/KCNS2/CALHM1/HCN1/KCNQ5/LRRC38/KCNH7/KCNS1/CACNA1S,14
GO:0046873,MF,GO:0046873,metal ion transmembrane transporter activity,27/495,430/18368,4.51522037478846e-05,0.00170252835248423,0.00144161456471962,KCNA6/TRPV6/KCNB2/SLC8A3/PKD2L1/SCN8A/KCNE4/SNAP25/KCNH8/NIPAL4/TRPM6/KCNG3/KCNS2/SLC4A10/CALHM1/HCN1/SLC1A7/KCNQ5/SLC30A3/TRPA1/LRRC38/KCNH7/ATP12A/KCNS1/SLC4A9/SLC5A2/CACNA1S,27
GO:0050135,MF,GO:0050135,NAD(P)+ nucleosidase activity,5/495,16/18368,4.75706451429417e-05,0.00170252835248423,0.00144161456471962,IL1RL1/IL1RAPL2/IL1RL2/IL18RAP/IL18R1,5
GO:0061809,MF,GO:0061809,NAD+ nucleotidase, cyclic ADP-ribose generating,5/495,16/18368,4.75706451429417e-05,0.00170252835248423,0.00144161456471962,IL1RL1/IL1RAPL2/IL1RL2/IL18RAP/IL18R1,5
GO:0015079,MF,GO:0015079,potassium ion transmembrane transporter activity,14/495,155/18368,7.99338069984928e-05,0.00271774943794876,0.00230125223306187,KCNA6/KCNB2/PKD2L1/KCNE4/SNAP25/KCNH8/KCNG3/KCNS2/HCN1/KCNQ5/LRRC38/KCNH7/ATP12A/KCNS1,14
GO:0099095,MF,GO:0099095,ligand-gated anion channel activity,5/495,18/18368,8.92368192100709e-05,0.00288957319346896,0.00244674386505808,GABRA1/GABRB2/GABRE/GABRG2/CFTR,5
GO:0048306,MF,GO:0048306,calcium-dependent protein binding,10/495,88/18368,0.000126887947737015,0.00392199111187137,0.00332094293838024,STMN2/SNAP25/SYT1/ANXA1/MASP1/S100P/S100A8/CD177/S100A2/S100A12,10
GO:1904315,MF,GO:1904315,transmitter-gated ion channel activity involved in regulation of postsynaptic membrane potential,7/495,44/18368,0.000159780302027485,0.00472393936429087,0.00399999200041348,GABRA1/GABRB2/GABRE/GABRG2/CHRNA1/CHRNB4/CHRNA3,7
GO:0001786,MF,GO:0001786,phosphatidylserine binding,8/495,60/18368,0.000196471472664882,0.00556669172550499,0.00471359190998642,SYT2/GAP43/SYT13/SYT1/SYT4/GSDMC/ANXA13/RS1,8
GO:0005251,MF,GO:0005251,delayed rectifier potassium channel activity,6/495,33/18368,0.000221636102460182,0.00602850198691694,0.00510462939139871,KCNA6/KCNB2/KCNE4/KCNG3/KCNQ5/KCNS1,6
GO:0099529,MF,GO:0099529,neurotransmitter receptor activity involved in regulation of postsynaptic membrane potential,7/495,47/18368,0.000244597419320302,0.00639716327453098,0.00541679305134434,GABRA1/GABRB2/GABRE/GABRG2/CHRNA1/CHRNB4/CHRNA3,7
GO:0022851,MF,GO:0022851,GABA-gated chloride ion channel activity,4/495,13/18368,0.000306995547664144,0.0077317397189488,0.00654684462270123,GABRA1/GABRB2/GABRE/GABRG2,4
GO:0005244,MF,GO:0005244,voltage-gated ion channel activity,15/495,201/18368,0.000374925214254531,0.00879134985148556,0.00744406868229505,KCNA6/KCNB2/SCN8A/KCNE4/SNAP25/KCNH8/KCNG3/KCNS2/CALHM1/HCN1/KCNQ5/LRRC38/KCNH7/KCNS1/CACNA1S,15
GO:0022832,MF,GO:0022832,voltage-gated channel activity,15/495,201/18368,0.000374925214254531,0.00879134985148556,0.00744406868229505,KCNA6/KCNB2/SCN8A/KCNE4/SNAP25/KCNH8/KCNG3/KCNS2/CALHM1/HCN1/KCNQ5/LRRC38/KCNH7/KCNS1/CACNA1S,15
GO:0015276,MF,GO:0015276,ligand-gated ion channel activity,12/495,143/18368,0.000500790818190392,0.0109850889151441,0.00930161553650745,GABRA1/GABRB2/GABRE/GABRG2/CNGA3/HCN1/CFTR/TRPA1/CHRNA1/CLCA2/CHRNB4/CHRNA3,12
GO:0022834,MF,GO:0022834,ligand-gated channel activity,12/495,143/18368,0.000500790818190392,0.0109850889151441,0.00930161553650745,GABRA1/GABRB2/GABRE/GABRG2/CNGA3/HCN1/CFTR/TRPA1/CHRNA1/CLCA2/CHRNB4/CHRNA3,12
GO:0005178,MF,GO:0005178,integrin binding,12/495,144/18368,0.000533283624004979,0.0113322770101058,0.00959559678719485,VTN/THY1/ECM2/FCER2/COL4A3/SFRP2/JAML/ESM1/IGF2/IBSP/TSPAN8/CD177,12
GO:0005237,MF,GO:0005237,inhibitory extracellular ligand-gated ion channel activity,4/495,15/18368,0.00056148455178659,0.0115094890118538,0.00974565091251397,GABRA1/GABRB2/GABRE/GABRG2,4
GO:0008201,MF,GO:0008201,heparin binding,13/495,166/18368,0.000575474450592689,0.0115094890118538,0.00974565091251397,CCDC80/VTN/FGF9/NELL1/MPO/RTN4RL1/ECM2/GREM2/RSPO2/NELL2/SERPINA5/BMP4/LIPC,13
GO:0005125,MF,GO:0005125,cytokine activity,16/495,235/18368,0.000666972340987009,0.0129583197677476,0.010972447233681,PPBP/INHA/SCG2/GREM2/CCL5/C1QTNF4/CCL14/BMP4/CXCL8/IFNA13/LIF/CXCL9/WNT2/LEFTY2/IL6/TNF,16
GO:0005201,MF,GO:0005201,extracellular matrix structural constituent,13/495,172/18368,0.000803202528119273,0.0149678128193456,0.0126739839197864,HAPLN1/VTN/UMODL1/AEBP1/SRPX/COL8A1/MGP/COL4A3/HMCN2/COL6A2/COL10A1/OGN/CHI3L1,13
GO:0003953,MF,GO:0003953,NAD+ nucleosidase activity,5/495,28/18368,0.00081951314641057,0.0149678128193456,0.0126739839197864,IL1RL1/IL1RAPL2/IL1RL2/IL18RAP/IL18R1,5
GO:0030594,MF,GO:0030594,neurotransmitter receptor activity,10/495,111/18368,0.000836436598728136,0.0149678128193456,0.0126739839197864,HTR2C/GABRA1/GABRB2/GABRE/GABRG2/HTR1A/HTR2A/CHRNA1/CHRNB4/CHRNA3,10
GO:0022824,MF,GO:0022824,transmitter-gated ion channel activity,7/495,60/18368,0.00111202152740266,0.0189043659658452,0.0160072572497172,GABRA1/GABRB2/GABRE/GABRG2/CHRNA1/CHRNB4/CHRNA3,7
GO:0022835,MF,GO:0022835,transmitter-gated channel activity,7/495,60/18368,0.00111202152740266,0.0189043659658452,0.0160072572497172,GABRA1/GABRB2/GABRE/GABRG2/CHRNA1/CHRNB4/CHRNA3,7
GO:0098960,MF,GO:0098960,postsynaptic neurotransmitter receptor activity,7/495,62/18368,0.00135224620536688,0.0222248402092574,0.0188188662453,GABRA1/GABRB2/GABRE/GABRG2/CHRNA1/CHRNB4/CHRNA3,7
GO:0019955,MF,GO:0019955,cytokine binding,11/495,139/18368,0.00137271071880708,0.0222248402092574,0.0188188662453,IL1RL1/SOSTDC1/UCMA/GREM2/IL12RB2/IL2RB/CCR7/IL18R1/CXCR6/CXCR1/IL1R2,11
GO:0004890,MF,GO:0004890,GABA-A receptor activity,4/495,19/18368,0.00146369715300615,0.0230981347895912,0.0195583277552731,GABRA1/GABRB2/GABRE/GABRG2,4
GO:0005539,MF,GO:0005539,glycosaminoglycan binding,15/495,230/18368,0.00149458519226767,0.0230981347895912,0.0195583277552731,CCDC80/HAPLN1/VTN/FGF9/NELL1/MPO/RTN4RL1/ECM2/GREM2/RSPO2/NELL2/CD44/SERPINA5/BMP4/LIPC,15
GO:0008237,MF,GO:0008237,metallopeptidase activity,13/495,190/18368,0.0019826409707706,0.0299599080027557,0.0253685289125501,TRHDE/ADAMTS4/ADAMTS18/MMP3/AGBL1/CLCA2/TRABD2B/ADAMDEC1/CPB1/MMP10/MMP1/MMEL1/CPA2,13
GO:0016799,MF,GO:0016799,hydrolase activity, hydrolyzing N-glycosyl compounds,6/495,50/18368,0.00216184622741682,0.0306819640808525,0.0259799293378116,IL1RL1/IL1RAPL2/MAN2A1/IL1RL2/IL18RAP/IL18R1,6
GO:0140359,MF,GO:0140359,ABC-type transporter activity,6/495,50/18368,0.00216184622741682,0.0306819640808525,0.0259799293378116,ABCC12/ABCA8/CFTR/ABCA6/ABCC3/ABCA12,6
GO:0008391,MF,GO:0008391,arachidonic acid monooxygenase activity,4/495,21/18368,0.00216578569982488,0.0306819640808525,0.0259799293378116,CYP4F3/CYP1A1/CYP4F12/CYP2C18,4
GO:0042562,MF,GO:0042562,hormone binding,8/495,86/18368,0.00221747158142687,0.0307730750075566,0.0260570774444791,PTH2R/RXFP1/MCHR1/CRYM/GLP2R/CALCR/SULT2B1/CRHR1,8
GO:0005518,MF,GO:0005518,collagen binding,7/495,69/18368,0.00252529828740442,0.0343440567087001,0.0290808034360046,SPARCL1/AEBP1/PAK1/ECM2/COL6A2/CD44/MUSK,7
GO:0016917,MF,GO:0016917,GABA receptor activity,4/495,22/18368,0.00259131926198253,0.0345509234931003,0.0292559677255819,GABRA1/GABRB2/GABRE/GABRG2,4
GO:0008503,MF,GO:0008503,benzodiazepine receptor activity,3/495,11/18368,0.00273125341617641,0.0357163908269223,0.0302428262884312,GABRA1/GABRE/GABRG2,3
GO:0004222,MF,GO:0004222,metalloendopeptidase activity,9/495,111/18368,0.00310494665456877,0.0398370514171087,0.0337319924538057,ADAMTS4/ADAMTS18/MMP3/CLCA2/TRABD2B/ADAMDEC1/MMP10/MMP1/MMEL1,9
GO:0005230,MF,GO:0005230,extracellular ligand-gated ion channel activity,7/495,73/18368,0.00347922349274895,0.0424024213698575,0.0359042174757153,GABRA1/GABRB2/GABRE/GABRG2/CHRNA1/CHRNB4/CHRNA3,7
GO:0042166,MF,GO:0042166,acetylcholine binding,3/495,12/18368,0.00356928877275666,0.0424024213698575,0.0359042174757153,CHRNA1/CHRNB4/CHRNA3,3
GO:0043176,MF,GO:0043176,amine binding,3/495,12/18368,0.00356928877275666,0.0424024213698575,0.0359042174757153,HTR2C/HTR1A/HTR2A,3
GO:0051378,MF,GO:0051378,serotonin binding,3/495,12/18368,0.00356928877275666,0.0424024213698575,0.0359042174757153,HTR2C/HTR1A/HTR2A,3
GO:0072341,MF,GO:0072341,modified amino acid binding,8/495,93/18368,0.00361667711684079,0.0424024213698575,0.0359042174757153,SYT2/GAP43/SYT13/SYT1/SYT4/GSDMC/ANXA13/RS1,8
GO:0005254,MF,GO:0005254,chloride channel activity,7/495,74/18368,0.00375564720366146,0.0426802232355428,0.0361394459904674,GABRA1/GABRB2/ANO3/GABRE/GABRG2/CFTR/CLCA2,7
GO:0019825,MF,GO:0019825,oxygen binding,5/495,39/18368,0.00376590205019495,0.0426802232355428,0.0361394459904674,CYP1A1/HBQ1/TDO2/HBD/CYP2C18,5
GO:0070330,MF,GO:0070330,aromatase activity,4/495,25/18368,0.00420452336112619,0.0468700964846854,0.0396872179212429,CYP4F3/CYP1A1/CYP4F12/CYP2C18,4
GO:0008083,MF,GO:0008083,growth factor activity,11/495,162/18368,0.0045318061781245,0.0497036806633009,0.042086553131309,PPBP/INHA/FGF9/VGF/CDNF/IGF2/BMP4/OGN/LIF/LEFTY2/IL6,11
